<?xml version="1.0" encoding="UTF-8"?>
<project xmlns="http://www.netbeans.org/ns/project/1">
    <type>org.netbeans.modules.apisupport.project</type>
    <configuration>
        <data xmlns="http://www.netbeans.org/ns/nb-module-project/3">
            <code-name-base>org.coeus.jdk_tools</code-name-base>
            <suite-component/>
            <module-dependencies/>
            <public-packages>
                <package>com.sun.codemodel.internal</package>
                <package>com.sun.codemodel.internal.fmt</package>
                <package>com.sun.codemodel.internal.util</package>
                <package>com.sun.codemodel.internal.writer</package>
                <package>com.sun.istack.internal.tools</package>
                <package>com.sun.istack.internal.ws</package>
                <package>com.sun.jarsigner</package>
                <package>com.sun.javadoc</package>
                <package>com.sun.jdi</package>
                <package>com.sun.jdi.connect</package>
                <package>com.sun.jdi.connect.spi</package>
                <package>com.sun.jdi.event</package>
                <package>com.sun.jdi.request</package>
                <package>com.sun.mirror.apt</package>
                <package>com.sun.mirror.declaration</package>
                <package>com.sun.mirror.type</package>
                <package>com.sun.mirror.util</package>
                <package>com.sun.source.tree</package>
                <package>com.sun.source.util</package>
                <package>com.sun.tools.apt</package>
                <package>com.sun.tools.apt.comp</package>
                <package>com.sun.tools.apt.main</package>
                <package>com.sun.tools.apt.mirror</package>
                <package>com.sun.tools.apt.mirror.apt</package>
                <package>com.sun.tools.apt.mirror.declaration</package>
                <package>com.sun.tools.apt.mirror.type</package>
                <package>com.sun.tools.apt.mirror.util</package>
                <package>com.sun.tools.apt.resources</package>
                <package>com.sun.tools.apt.util</package>
                <package>com.sun.tools.attach</package>
                <package>com.sun.tools.attach.spi</package>
                <package>com.sun.tools.corba.se.idl</package>
                <package>com.sun.tools.corba.se.idl.constExpr</package>
                <package>com.sun.tools.corba.se.idl.som.cff</package>
                <package>com.sun.tools.corba.se.idl.som.idlemit</package>
                <package>com.sun.tools.corba.se.idl.toJavaPortable</package>
                <package>com.sun.tools.doclets</package>
                <package>com.sun.tools.doclets.formats.html</package>
                <package>com.sun.tools.doclets.formats.html.markup</package>
                <package>com.sun.tools.doclets.formats.html.resources</package>
                <package>com.sun.tools.doclets.internal.toolkit</package>
                <package>com.sun.tools.doclets.internal.toolkit.builders</package>
                <package>com.sun.tools.doclets.internal.toolkit.resources</package>
                <package>com.sun.tools.doclets.internal.toolkit.taglets</package>
                <package>com.sun.tools.doclets.internal.toolkit.util</package>
                <package>com.sun.tools.doclets.internal.toolkit.util.links</package>
                <package>com.sun.tools.doclets.standard</package>
                <package>com.sun.tools.example.debug.expr</package>
                <package>com.sun.tools.example.debug.tty</package>
                <package>com.sun.tools.extcheck</package>
                <package>com.sun.tools.hat</package>
                <package>com.sun.tools.hat.internal.model</package>
                <package>com.sun.tools.hat.internal.oql</package>
                <package>com.sun.tools.hat.internal.parser</package>
                <package>com.sun.tools.hat.internal.server</package>
                <package>com.sun.tools.hat.internal.util</package>
                <package>com.sun.tools.internal.jxc</package>
                <package>com.sun.tools.internal.jxc.apt</package>
                <package>com.sun.tools.internal.jxc.gen.config</package>
                <package>com.sun.tools.internal.jxc.model.nav</package>
                <package>com.sun.tools.internal.ws</package>
                <package>com.sun.tools.internal.ws.api</package>
                <package>com.sun.tools.internal.ws.api.wsdl</package>
                <package>com.sun.tools.internal.ws.processor</package>
                <package>com.sun.tools.internal.ws.processor.generator</package>
                <package>com.sun.tools.internal.ws.processor.model</package>
                <package>com.sun.tools.internal.ws.processor.model.exporter</package>
                <package>com.sun.tools.internal.ws.processor.model.java</package>
                <package>com.sun.tools.internal.ws.processor.model.jaxb</package>
                <package>com.sun.tools.internal.ws.processor.modeler</package>
                <package>com.sun.tools.internal.ws.processor.modeler.annotation</package>
                <package>com.sun.tools.internal.ws.processor.modeler.wsdl</package>
                <package>com.sun.tools.internal.ws.processor.util</package>
                <package>com.sun.tools.internal.ws.resources</package>
                <package>com.sun.tools.internal.ws.spi</package>
                <package>com.sun.tools.internal.ws.util</package>
                <package>com.sun.tools.internal.ws.util.xml</package>
                <package>com.sun.tools.internal.ws.wscompile</package>
                <package>com.sun.tools.internal.ws.wsdl.document</package>
                <package>com.sun.tools.internal.ws.wsdl.document.http</package>
                <package>com.sun.tools.internal.ws.wsdl.document.jaxws</package>
                <package>com.sun.tools.internal.ws.wsdl.document.mime</package>
                <package>com.sun.tools.internal.ws.wsdl.document.schema</package>
                <package>com.sun.tools.internal.ws.wsdl.document.soap</package>
                <package>com.sun.tools.internal.ws.wsdl.framework</package>
                <package>com.sun.tools.internal.ws.wsdl.parser</package>
                <package>com.sun.tools.internal.xjc</package>
                <package>com.sun.tools.internal.xjc.addon.at_generated</package>
                <package>com.sun.tools.internal.xjc.addon.code_injector</package>
                <package>com.sun.tools.internal.xjc.addon.episode</package>
                <package>com.sun.tools.internal.xjc.addon.locator</package>
                <package>com.sun.tools.internal.xjc.addon.sync</package>
                <package>com.sun.tools.internal.xjc.api</package>
                <package>com.sun.tools.internal.xjc.api.impl.j2s</package>
                <package>com.sun.tools.internal.xjc.api.impl.s2j</package>
                <package>com.sun.tools.internal.xjc.api.util</package>
                <package>com.sun.tools.internal.xjc.generator.annotation.ri</package>
                <package>com.sun.tools.internal.xjc.generator.annotation.spec</package>
                <package>com.sun.tools.internal.xjc.generator.bean</package>
                <package>com.sun.tools.internal.xjc.generator.bean.field</package>
                <package>com.sun.tools.internal.xjc.generator.util</package>
                <package>com.sun.tools.internal.xjc.model</package>
                <package>com.sun.tools.internal.xjc.model.nav</package>
                <package>com.sun.tools.internal.xjc.outline</package>
                <package>com.sun.tools.internal.xjc.reader</package>
                <package>com.sun.tools.internal.xjc.reader.dtd</package>
                <package>com.sun.tools.internal.xjc.reader.dtd.bindinfo</package>
                <package>com.sun.tools.internal.xjc.reader.gbind</package>
                <package>com.sun.tools.internal.xjc.reader.internalizer</package>
                <package>com.sun.tools.internal.xjc.reader.relaxng</package>
                <package>com.sun.tools.internal.xjc.reader.xmlschema</package>
                <package>com.sun.tools.internal.xjc.reader.xmlschema.bindinfo</package>
                <package>com.sun.tools.internal.xjc.reader.xmlschema.ct</package>
                <package>com.sun.tools.internal.xjc.reader.xmlschema.parser</package>
                <package>com.sun.tools.internal.xjc.runtime</package>
                <package>com.sun.tools.internal.xjc.util</package>
                <package>com.sun.tools.internal.xjc.writer</package>
                <package>com.sun.tools.javac</package>
                <package>com.sun.tools.javac.api</package>
                <package>com.sun.tools.javac.code</package>
                <package>com.sun.tools.javac.comp</package>
                <package>com.sun.tools.javac.jvm</package>
                <package>com.sun.tools.javac.main</package>
                <package>com.sun.tools.javac.model</package>
                <package>com.sun.tools.javac.parser</package>
                <package>com.sun.tools.javac.processing</package>
                <package>com.sun.tools.javac.resources</package>
                <package>com.sun.tools.javac.sym</package>
                <package>com.sun.tools.javac.tree</package>
                <package>com.sun.tools.javac.util</package>
                <package>com.sun.tools.javac.zip</package>
                <package>com.sun.tools.javadoc</package>
                <package>com.sun.tools.javadoc.resources</package>
                <package>com.sun.tools.javah</package>
                <package>com.sun.tools.javah.oldjavah</package>
                <package>com.sun.tools.jdi</package>
                <package>com.sun.tools.jdi.resources</package>
                <package>com.sun.tools.script.shell</package>
                <package>com.sun.xml.internal.dtdparser</package>
                <package>com.sun.xml.internal.rngom.ast.builder</package>
                <package>com.sun.xml.internal.rngom.ast.om</package>
                <package>com.sun.xml.internal.rngom.ast.util</package>
                <package>com.sun.xml.internal.rngom.binary</package>
                <package>com.sun.xml.internal.rngom.binary.visitor</package>
                <package>com.sun.xml.internal.rngom.digested</package>
                <package>com.sun.xml.internal.rngom.dt</package>
                <package>com.sun.xml.internal.rngom.dt.builtin</package>
                <package>com.sun.xml.internal.rngom.nc</package>
                <package>com.sun.xml.internal.rngom.parse</package>
                <package>com.sun.xml.internal.rngom.parse.compact</package>
                <package>com.sun.xml.internal.rngom.parse.host</package>
                <package>com.sun.xml.internal.rngom.parse.xml</package>
                <package>com.sun.xml.internal.rngom.util</package>
                <package>com.sun.xml.internal.rngom.xml.sax</package>
                <package>com.sun.xml.internal.rngom.xml.util</package>
                <package>com.sun.xml.internal.xsom</package>
                <package>com.sun.xml.internal.xsom.impl</package>
                <package>com.sun.xml.internal.xsom.impl.parser</package>
                <package>com.sun.xml.internal.xsom.impl.parser.state</package>
                <package>com.sun.xml.internal.xsom.impl.scd</package>
                <package>com.sun.xml.internal.xsom.impl.util</package>
                <package>com.sun.xml.internal.xsom.parser</package>
                <package>com.sun.xml.internal.xsom.util</package>
                <package>com.sun.xml.internal.xsom.visitor</package>
                <package>org.relaxng.datatype</package>
                <package>org.relaxng.datatype.helpers</package>
                <package>sun.applet</package>
                <package>sun.applet.resources</package>
                <package>sun.jvmstat.monitor</package>
                <package>sun.jvmstat.monitor.event</package>
                <package>sun.jvmstat.monitor.remote</package>
                <package>sun.jvmstat.perfdata.monitor</package>
                <package>sun.jvmstat.perfdata.monitor.protocol.file</package>
                <package>sun.jvmstat.perfdata.monitor.protocol.local</package>
                <package>sun.jvmstat.perfdata.monitor.protocol.rmi</package>
                <package>sun.jvmstat.perfdata.monitor.v1_0</package>
                <package>sun.jvmstat.perfdata.monitor.v2_0</package>
                <package>sun.rmi.rmic</package>
                <package>sun.rmi.rmic.iiop</package>
                <package>sun.rmi.rmic.newrmic</package>
                <package>sun.rmi.rmic.newrmic.jrmp</package>
                <package>sun.security.tools</package>
                <package>sun.tools.asm</package>
                <package>sun.tools.attach</package>
                <package>sun.tools.hprof</package>
                <package>sun.tools.jar</package>
                <package>sun.tools.jar.resources</package>
                <package>sun.tools.java</package>
                <package>sun.tools.javac</package>
                <package>sun.tools.javap</package>
                <package>sun.tools.javap.oldjavap</package>
                <package>sun.tools.jinfo</package>
                <package>sun.tools.jmap</package>
                <package>sun.tools.jps</package>
                <package>sun.tools.jstack</package>
                <package>sun.tools.jstat</package>
                <package>sun.tools.jstatd</package>
                <package>sun.tools.native2ascii</package>
                <package>sun.tools.native2ascii.resources</package>
                <package>sun.tools.serialver</package>
                <package>sun.tools.tree</package>
                <package>sun.tools.util</package>
            </public-packages>
            <class-path-extension>
                <runtime-relative-path>ext/tools.jar</runtime-relative-path>
                <binary-origin>release/modules/ext/tools.jar</binary-origin>
            </class-path-extension>
        </data>
    </configuration>
</project>
