<?xml version="1.0" encoding="UTF-8"?>
<!DOCTYPE filesystem PUBLIC "-//NetBeans//DTD Filesystem 1.1//EN" "http://www.netbeans.org/dtds/filesystem-1_1.dtd">
<filesystem>
    <attr name="Menu\Edit\org-coeus-vteditor-actions-mySearchAction.shadow\position" intvalue="1000"/>
    <attr name="Menu\File\position" intvalue="100"/>
    <attr name="Menu\BuildProject\position" intvalue="700"/>
    <attr name="Menu\Edit\position" intvalue="300"/>
    <attr name="Menu\GoTo\position" intvalue="500"/>
    <attr name="Menu\Help\position" intvalue="1100"/>
    <attr name="Menu\Options\position" intvalue="500"/>
    <attr name="Menu\Program\position" intvalue="400"/>
    <attr name="Menu\RunProject\position" intvalue="800"/>
    <attr name="Menu\Source\position" intvalue="600"/>
    <attr name="Menu\Tools\position" intvalue="900"/>
    <attr name="Menu\View\position" intvalue="400"/>
    <attr name="Menu\Window\position" intvalue="1000"/>
    <attr name="Toolbars\Build\position" intvalue="500"/>
    <attr name="Toolbars\File\position" intvalue="200"/>
    <attr name="Toolbars\Memory\position" intvalue="700"/>
    <attr name="Toolbars\UndoRedo\position" intvalue="400"/>
    <!--attr name="Toolbars\Άδειο\position" intvalue="650"/>
    <attr name="Toolbars\Αναίρεση\Επανάληψη\position" intvalue="400"/>
    <attr name="Toolbars\Αρχείο\position" intvalue="200"/>
    <attr name="Toolbars\Προχωρημένοι\position" intvalue="600"/-->
    
    <folder name="Menu">

        <file name="BuildProject_hidden"/>
        <file name="GoTo_hidden"/>
        <file name="Profile_hidden"/>
        <file name="Refactoring_hidden"/>
        <file name="RunProject_hidden"/>
        <file name="Source_hidden"/>
        <file name="Tools_hidden"/>
        <file name="Versioning_hidden"/>
        <file name="Window_hidden"/>

        <folder name="File">
            <attr name="position" intvalue="100"/>
            <file name="Import_hidden"/>
            <file name="ImporterSeparator1.instance_hidden"/>
            <file name="Separator2.instance_hidden"/>
            <file name="Separator3.instance_hidden"/>
            <file name="SeparatorNew.instance_hidden"/>
            <file name="SeparatorOpen.instance_hidden"/>
            <file name="org-netbeans-modules-editor-ExportHtmlAction.instance_hidden"/>
            <file name="org-netbeans-modules-editor-ExportHtmlAction.shadow_hidden"/>
            <file name="org-netbeans-modules-openfile-OpenFileAction.shadow_hidden"/>
            <file name="org-netbeans-modules-openfile-RecentFileAction.shadow_hidden"/>
            <file name="org-netbeans-modules-project-ui-CloseProject.shadow_hidden"/>
            <file name="org-netbeans-modules-project-ui-CustomizeProject.shadow_hidden"/>
            <file name="org-netbeans-modules-project-ui-NewFile.shadow_hidden"/>
            <file name="org-netbeans-modules-project-ui-NewProject.shadow_hidden"/>
            <file name="org-netbeans-modules-project-ui-OpenProject.shadow_hidden"/>
            <file name="org-netbeans-modules-project-ui-RecentProjects.shadow_hidden"/>
            <file name="org-netbeans-modules-project-ui-actions-CloseAllProjectsAction.shadow_hidden"/>
            <file name="org-netbeans-modules-project-ui-actions-CloseOtherProjectsAction.shadow_hidden"/>
            <file name="org-netbeans-modules-project-ui-groups-GroupsMenu.shadow_hidden"/>
            <file name="org-openide-actions-SaveAction.shadow_hidden"/>
            <file name="org-openide-actions-SaveAllAction.shadow_hidden"/>
            <file name="org-openide-actions-SaveAsAction.shadow_hidden"/>
        </folder>

        <folder name="Edit">
            <attr name="position" intvalue="200"/>

           <file name="SeparatorE1.instance">
                <attr name="instanceClass" stringvalue="javax.swing.JSeparator"/>
                <attr name="position" intvalue="300"/>
            </file>

            <file name="WhereUsedAction.shadow_hidden"/>
            <file name="clipboard-history.shadow_hidden"/>
            <file name="clipboard-lines.shadow_hidden"/>
            <file name="org-netbeans-modules-search-FindInFilesAction.shadow_hidden"/>
            <file name="org-netbeans-modules-search-ReplaceInFilesAction.shadow_hidden"/>
            <file name="org-openide-actions-CutAction.instance" url="org-openide-actions-CutAction.instance">
                <attr name="position" intvalue="400"/>
            </file>

           <file name="org-openide-actions-PasteAction.instance" url="org-openide-actions-PasteAction.instance">
                <attr name="position" intvalue="500"/>
            </file>

             <file name="SeparatorE2.instance">
                <attr name="instanceClass" stringvalue="javax.swing.JSeparator"/>
                <attr name="position" intvalue="600"/>
            </file>

             <file name="org-coeus-vteditor-actions-mySearchAction.shadow">
                <attr name="originalFile" stringvalue="Actions/Edit/org-coeus-vteditor-actions-mySearchAction.instance"/>
                <attr name="position" intvalue="700"/>
            </file>
     
            <file name="SeparatorAfterFindPrevious.instance_hidden"/>
            <file name="SeparatorAfterProjectsSearch.instance_hidden"/>
            <file name="org-netbeans-modules-editor-MainMenuAction$FindNextAction.instance_hidden"/>
            <file name="org-netbeans-modules-editor-MainMenuAction$FindPreviousAction.instance_hidden"/>
            <file name="org-netbeans-modules-editor-MainMenuAction$FindSelectionAction.instance_hidden"/>
            <file name="org-netbeans-modules-editor-MainMenuAction$PasteFormattedAction.instance_hidden"/>
            <file name="org-netbeans-modules-editor-MainMenuAction$SelectAllAction.instance_hidden"/>
            <file name="org-netbeans-modules-editor-MainMenuAction$SelectIdentifierAction.instance_hidden"/>
            <file name="org-netbeans-modules-editor-MainMenuAction$StartMacroRecordingAction.instance_hidden"/>
            <file name="org-netbeans-modules-editor-MainMenuAction$StopMacroRecordingAction.instance_hidden"/>
            <file name="org-openide-actions-CopyAction.shadow_hidden"/>
            <file name="org-openide-actions-DeleteAction.shadow_hidden"/>
            <file name="org-openide-actions-FindAction.shadow_hidden"/>
            <file name="org-openide-actions-RedoAction.shadow_hidden"/>
            <file name="org-openide-actions-ReplaceAction.shadow_hidden"/>
            <file name="org-openide-actions-UndoAction.shadow_hidden"/>
            <file name="org-openide-actions-CutAction.shadow_hidden"/>
            <file name="org-openide-actions-PasteAction.shadow_hidden"/>
        </folder>

      
        <folder name="View">
            <attr name="position" intvalue="300"/>
            <file name="Separator3.instance_hidden"/>
            <file name="ShowEditorOnlyAction.shadow_hidden"/>
            <file name="org-netbeans-core-actions-HTMLViewAction.instance_hidden"/>
            <file name="org-netbeans-core-actions-LogAction.shadow_hidden"/>
            <file name="org-netbeans-core-multiview-EditorsAction.instance_hidden"/>
            <file name="org-netbeans-core-multiview-SplitAction.instance_hidden"/>
            <file name="org-netbeans-core-windows-actions-ToolbarsListAction.shadow_hidden"/>
            <file name="org-netbeans-modules-editor-MainMenuAction$ShowLineNumbersAction.instance_hidden"/>
            <file name="org-netbeans-modules-editor-MainMenuAction$ShowToolBarAction.instance_hidden"/>
            <file name="org-netbeans-modules-editor-NbCodeFoldingAction.instance_hidden"/>
            <file name="org-netbeans-modules-project-ui-SyncEditorWithViewsAction.shadow_hidden"/>
            <file name="org-netbeans-modules-versioning-ShowTextAnnotationsAction.shadow_hidden"/>
            <file name="org-netbeans-modules-versioning-core-ShowTextAnnotationsAction.shadow_hidden"/>
            <file name="org-netbeans-modules-versioning-diff-ShowDiffSidebarAction.shadow_hidden"/>
            <file name="org-netbeans-modules-versioning-ui-diff-ShowDiffSidebarAction.shadow_hidden"/>
            <file name="toggle-breadcrumbs-view.shadow_hidden"/>
            <file name="toggle-line-numbers.shadow_hidden"/>
            <file name="toggle-lines-view.shadow_hidden"/>
            <file name="toggle-non-printable-characters.shadow_hidden"/>
            <file name="toggle-toolbar.shadow_hidden"/>
        </folder>

        <folder name="Help">
            <file name="Separator1.instance_hidden"/>
            <file name="SeparatorAfterJavadoc.instance_hidden"/>
            <file name="master-help.xml_hidden"/>
            <file name="netbeans-kb.url_hidden"/>
            <file name="org-netbeans-modules-autoupdate-ui-actions-CheckForUpdatesAction.shadow_hidden"/>
            <file name="org-netbeans-modules-javadoc-search-IndexOverviewAction.shadow_hidden"/>
            <file name="org-netbeans-modules-javadoc-search-SearchDocAction.shadow_hidden"/>
            <file name="org-netbeans-modules-registration-RegisterAction.instance_hidden"/>
            <file name="org-netbeans-modules-usersguide-master.xml_hidden"/>
            <file name="org-netbeans-modules-welcome-ShowWelcomeAction.instance_hidden"/>
            <file name="shortcuts.xml_hidden"/>
        </folder>
        <file name="org-netbeans-modules-quicksearch-QuickSearchAction.shadow_hidden"/>
    </folder>

    <folder name="Toolbars">

        <!--file name="Standard.xml" url="Standard.xml">
            <attr name="position" intvalue="800"/>
        </file-->
          
        <folder name="File">
            <file name="org-netbeans-modules-project-ui-NewFile.shadow_hidden"/>
            <file name="org-netbeans-modules-project-ui-NewProject.shadow_hidden"/>
            <file name="org-netbeans-modules-project-ui-OpenProject.shadow_hidden"/>
            <file name="org-openide-actions-SaveAllAction.shadow_hidden"/>
        </folder>
        
        <folder name="Cut\Paste">

            <attr name="SystemFileSystem.localizingBundle" stringvalue="org.netbeans.core.ui.resources.Bundle"/>
            <attr name="position" intvalue="300"/>

           <file name="org-openide-actions-CutAction.instance">
                <attr name="position" intvalue="100"/>
            </file>
            <!--file name="org-openide-actions-CopyAction.instance">
                <attr name="position" intvalue="200"/>
            </file-->
            <file name="org-openide-actions-PasteAction.instance">
                <attr name="position" intvalue="300"/>
            </file>
        </folder>
      
      
        <file name="Build_hidden"/>
        <file name="UndoRedo_hidden"/>
    </folder>


    <folder name="Windows2">
        <folder name="Components">
            <file name="runtime.settings" url="runtimeSettings.xml"/>
        </folder>
        <folder name="Modes">
            <folder name="explorer">
                <file name="projectTabLogical_tc.wstcref_hidden" url="projectTabLogical_tcWstcref.xml"/>
                <file name="projectTab_tc.wstcref_hidden" url="projectTab_tcWstcref.xml"/>
                <file name="runtime.wstcref_hidden" url="runtimeWstcref.xml"/>
            </folder>
        </folder>
    </folder>
</filesystem>
